clicks;ctr;impressions;position;query;page
12.0;0.5714285714285714;21.0;3.2857142857142856;networking morbihan;https://www.networking-morbihan.com/
2.0;0.03278688524590164;61.0;4.459016393442623;bosse color;https://www.networking-morbihan.com/bosse-colors-lorient
2.0;0.045454545454545456;44.0;3.477272727272727;bosse colors;https://www.networking-morbihan.com/bosse-colors-lorient
2.0;0.07692307692307693;26.0;7.653846153846154;françois trinel;https://www.networking-morbihan.com/portrait-francois-trinel-speed-meeting-de-rentree-2
2.0;0.3333333333333333;6.0;13.666666666666666;jonathan allio;https://www.networking-morbihan.com/jonathan-allio
1.0;0.023255813953488372;43.0;5.116279069767442;bossé colors lorient;https://www.networking-morbihan.com/bosse-colors-lorient
1.0;0.1111111111111111;9.0;4.444444444444445;bossé lorient;https://www.networking-morbihan.com/bosse-colors-lorient
1.0;0.14285714285714285;7.0;1.4285714285714286;café networking;https://www.networking-morbihan.com/la-machine-a-cafe-virtuelle-testee-par-networking-morbihan
1.0;0.16666666666666666;6.0;15.833333333333334;coworking lorient;https://www.networking-morbihan.com/coworking-lorient
1.0;0.013157894736842105;76.0;8.157894736842106;francois trinel;https://www.networking-morbihan.com/portrait-francois-trinel-speed-meeting-de-rentree-2
1.0;0.5;2.0;15.5;nathalie chaker;https://www.networking-morbihan.com/lamour-au-bureau-2
1.0;0.00398406374501992;251.0;15.904382470119522;networking;https://www.networking-morbihan.com/
1.0;0.06666666666666667;15.0;1.0;networking morbihan;https://www.networking-morbihan.com/nos-adherents
1.0;0.05263157894736842;19.0;1.0;networking morbihan;https://www.networking-morbihan.com/pourquoi
1.0;0.05555555555555555;18.0;1.0;networking morbihan;https://www.networking-morbihan.com/reseaux-lorient
1.0;0.25;4.0;25.5;pascal goyet;https://www.networking-morbihan.com/reseaux-lorient
1.0;0.018867924528301886;53.0;7.90566037735849;speed dating lorient;https://www.networking-morbihan.com/speed-dating-professionnel
1.0;1.0;1.0;11.0;turinni;https://www.networking-morbihan.com/visite-atelier-turrini-pont-scorff
0.0;0.0;1.0;1.0;17 colors;https://www.networking-morbihan.com/bosse-colors-lorient
0.0;0.0;2.0;7.0;a connect;https://www.networking-morbihan.com/nw56-connectin-lorient-14-novembre
0.0;0.0;1.0;46.0;accoitre;https://www.networking-morbihan.com/business-internet
0.0;0.0;7.0;46.285714285714285;accroitre;https://www.networking-morbihan.com/business-internet
0.0;0.0;9.0;52.111111111111114;accroître;https://www.networking-morbihan.com/business-internet
0.0;0.0;2.0;47.5;acroitre;https://www.networking-morbihan.com/business-internet
0.0;0.0;17.0;76.17647058823529;activité morbihan;https://www.networking-morbihan.com/presentez-votre-entreprise
0.0;0.0;22.0;10.318181818181818;agipe;https://www.networking-morbihan.com/agipe
0.0;0.0;2.0;92.0;allio;https://www.networking-morbihan.com/jonathan-allio
0.0;0.0;108.0;8.203703703703702;anne clement;https://www.networking-morbihan.com/anne-clement
0.0;0.0;38.0;8.473684210526315;anne clément;https://www.networking-morbihan.com/anne-clement
0.0;0.0;1.0;61.0;anne le contour;https://www.networking-morbihan.com/anne-clement
0.0;0.0;1.0;70.0;apprendre à se présenter;https://www.networking-morbihan.com/savoir-se-presenter-de-maniere-attractive
0.0;0.0;1.0;64.0;archives du morbihan;https://www.networking-morbihan.com/atelier-mind-mapping
0.0;0.0;1.0;74.0;archives du morbihan en ligne;https://www.networking-morbihan.com/adhesion-nw56
0.0;0.0;1.0;78.0;archives du morbihan en ligne;https://www.networking-morbihan.com/visite-entreprise-lalie-design
0.0;0.0;4.0;47.25;arnaud bouteiller;https://www.networking-morbihan.com/un-franc-succes
0.0;0.0;3.0;50.333333333333336;art et kdo;https://www.networking-morbihan.com/soiree-cadeau
0.0;0.0;2.0;19.5;ascot lorient;https://www.networking-morbihan.com/atelier-creativite
0.0;0.0;12.0;8.833333333333332;association elan;https://www.networking-morbihan.com/association-elan-2
0.0;0.0;1.0;10.0;association networking;https://www.networking-morbihan.com/
0.0;0.0;2.0;73.0;atelier creativite;https://www.networking-morbihan.com/atelier-creativite
0.0;0.0;6.0;46.833333333333336;atelier créativité;https://www.networking-morbihan.com/atelier-creativite
0.0;0.0;13.0;2.5384615384615383;atelier mind mapping;https://www.networking-morbihan.com/atelier-mind-mapping
0.0;0.0;5.0;49.0;atelier sécurité;https://www.networking-morbihan.com/securite-informatique
0.0;0.0;1.0;44.0;au bouche à oreille lorient;https://www.networking-morbihan.com/syleps
0.0;0.0;1.0;65.0;augmenter internet;https://www.networking-morbihan.com/business-internet
0.0;0.0;8.0;68.375;autrement immobilier morbihan;https://www.networking-morbihan.com/nos-adherents
0.0;0.0;1.0;39.0;avenue choiseul lorient;https://www.networking-morbihan.com/visite-naval-group-lorient-12-juin-2018
0.0;0.0;1.0;54.0;avenue de choiseul lorient;https://www.networking-morbihan.com/visite-naval-group-lorient-12-juin-2018
0.0;0.0;4.0;26.75;avid immobilier;https://www.networking-morbihan.com/nos-adherents
0.0;0.0;27.0;65.29629629629629;avis sur le groupe dcns;https://www.networking-morbihan.com/visite-naval-group-lorient-12-juin-2018
0.0;0.0;6.0;53.5;avocat larmor-plage;https://www.networking-morbihan.com/maitre-jean-pierre-roux-avocat
0.0;0.0;1.0;58.0;avocat morbihan;https://www.networking-morbihan.com/maitre-jean-pierre-roux-avocat
0.0;0.0;2.0;53.0;avril entreprise;https://www.networking-morbihan.com/bosse-colors-lorient
0.0;0.0;2.0;95.5;belle iloise;https://www.networking-morbihan.com/visite-la-belle-iloise
0.0;0.0;4.0;99.75;belle iloise quiberon;https://www.networking-morbihan.com/visite-la-belle-iloise
0.0;0.0;25.0;69.84;belle iloise vannes;https://www.networking-morbihan.com/visite-la-belle-iloise
0.0;0.0;1.0;35.0;bien oui;https://www.networking-morbihan.com/twitter-entreprise
0.0;0.0;1.0;46.0;bien se présenter;https://www.networking-morbihan.com/savoir-se-presenter-de-maniere-attractive
0.0;0.0;5.0;52.2;bien sur que oui;https://www.networking-morbihan.com/twitter-entreprise
0.0;0.0;1.0;36.0;billien;https://www.networking-morbihan.com/tag/celine-billien
0.0;0.0;35.0;61.0;bonne rentree a tous;https://www.networking-morbihan.com/bonne-rentree
0.0;0.0;22.0;80.9090909090909;bonne rentrée à tous;https://www.networking-morbihan.com/bonne-rentree
0.0;0.0;13.0;3.6153846153846154;bosse color lorient;https://www.networking-morbihan.com/bosse-colors-lorient
0.0;0.0;1.0;47.0;bossé;https://www.networking-morbihan.com/bosse-colors-lorient
0.0;0.0;2.0;7.0;bossé color lorient;https://www.networking-morbihan.com/bosse-colors-lorient
0.0;0.0;41.0;2.4390243902439024;bossé colors;https://www.networking-morbihan.com/bosse-colors-lorient
0.0;0.0;1.0;39.0;bouche à oreille lorient;https://www.networking-morbihan.com/syleps
0.0;0.0;3.0;73.0;boutique henaff;https://www.networking-morbihan.com/visite-entreprise-henaff
0.0;0.0;20.0;50.35;brasserie lancelot;https://www.networking-morbihan.com/visite-lancelot
0.0;0.0;1.0;27.0;brasserie lancelot adresse;https://www.networking-morbihan.com/visite-lancelot
0.0;0.0;39.0;7.0256410256410255;brasserie lancelot visite;https://www.networking-morbihan.com/visite-lancelot
0.0;0.0;1.0;33.0;brasserie morbihan;https://www.networking-morbihan.com/visite-lancelot
0.0;0.0;1.0;41.0;bretagne laine;https://www.networking-morbihan.com/traou-arvorig-made-in-breizh-made-in-france
0.0;0.0;1.0;46.0;bruno moisan;https://www.networking-morbihan.com/crowdfunding-lorient
0.0;0.0;1.0;24.0;buro 02;https://www.networking-morbihan.com/nos-adherents
0.0;0.0;1.0;72.0;buro 56;https://www.networking-morbihan.com/nos-adherents
0.0;0.0;3.0;74.66666666666667;buro conseil;https://www.networking-morbihan.com/nos-adherents
0.0;0.0;1.0;86.0;business internet;https://www.networking-morbihan.com/business-internet
0.0;0.0;1.0;75.0;c kdo;https://www.networking-morbihan.com/networking-morbihan-soiree-ckdo
0.0;0.0;2.0;10.0;cafe dubail;https://www.networking-morbihan.com/networking-fait-sa-rentree-au-cafe-dubail
0.0;0.0;1.0;19.0;café dubail lorient;https://www.networking-morbihan.com/networking-fait-sa-rentree-au-cafe-dubail
0.0;0.0;2.0;1.0;café virtuel;https://www.networking-morbihan.com/la-machine-a-cafe-virtuelle-testee-par-networking-morbihan
0.0;0.0;1.0;12.0;catherine corvaisier;https://www.networking-morbihan.com/nos-adherents
0.0;0.0;1.0;79.0;catherine le henaff;https://www.networking-morbihan.com/visite-entreprise-henaff
0.0;0.0;3.0;37.333333333333336;cci ploermel;https://www.networking-morbihan.com/speed-conseil-networking-morbihan-a-ploermel-le-jeudi-23-avril
0.0;0.0;2.0;83.0;cci vannes;https://www.networking-morbihan.com/nouveau-speed-conseil-networking-morbihan-a-vannes-le-jeudi-26-fevrier
0.0;0.0;5.0;29.6;ce dcns lorient;https://www.networking-morbihan.com/visite-naval-group-lorient-12-juin-2018
0.0;0.0;1.0;48.0;ce naval group lorient;https://www.networking-morbihan.com/visite-naval-group-lorient-12-juin-2018
0.0;0.0;1.0;74.0;cecile bonnet;https://www.networking-morbihan.com/savoir-se-presenter-de-maniere-attractive
0.0;0.0;1.0;60.0;cecile duflot robe;https://www.networking-morbihan.com/tenue-correcte-exigee
0.0;0.0;2.0;81.0;cedem quimper;https://www.networking-morbihan.com/lamour-au-bureau-2
0.0;0.0;2.0;39.5;celtigrafy;https://www.networking-morbihan.com/visite-lancelot
0.0;0.0;1.0;87.0;changement sa;https://www.networking-morbihan.com/modifier-sa-relation-a-l-autre-2
0.0;0.0;5.0;9.2;christian turrini;https://www.networking-morbihan.com/visite-atelier-turrini-pont-scorff
0.0;0.0;1.0;49.0;christophe hamonic;https://www.networking-morbihan.com/securite-informatique
0.0;0.0;1.0;79.0;cité allende;https://www.networking-morbihan.com/mentions-legales
0.0;0.0;5.0;40.2;ckdo;https://www.networking-morbihan.com/networking-morbihan-soiree-ckdo
0.0;0.0;4.0;17.75;clement anne;https://www.networking-morbihan.com/anne-clement
0.0;0.0;2.0;74.5;clement signification;https://www.networking-morbihan.com/anne-clement
0.0;0.0;2.0;59.0;clément signification;https://www.networking-morbihan.com/anne-clement
0.0;0.0;2.0;88.0;co lorient;https://www.networking-morbihan.com/coworking-lorient
0.0;0.0;2.0;60.5;com in breizh;https://www.networking-morbihan.com/traou-arvorig-made-in-breizh-made-in-france
0.0;0.0;2.0;89.0;comment bien se présenter;https://www.networking-morbihan.com/savoir-se-presenter-de-maniere-attractive
0.0;0.0;1.0;123.0;comment choisir son statut juridique;https://www.networking-morbihan.com/bien-choisir-son-statut-juridique-fiscal-et-social
0.0;0.0;2.0;79.5;comment se presenter;https://www.networking-morbihan.com/savoir-se-presenter-de-maniere-attractive
0.0;0.0;1.0;33.0;comment se presenter en public;https://www.networking-morbihan.com/savoir-se-presenter-de-maniere-attractive
0.0;0.0;28.0;80.5;comment se présenter;https://www.networking-morbihan.com/savoir-se-presenter-de-maniere-attractive
0.0;0.0;1.0;5.0;communication table;https://www.networking-morbihan.com/outils-communication
0.0;0.0;32.0;27.9375;communiquer avec efficacité;https://www.networking-morbihan.com/atelier-communication
0.0;0.0;6.0;23.0;compositic;https://www.networking-morbihan.com/visite-du-plateau-compositic-a-ploemeur
0.0;0.0;2.0;10.5;compositic lorient;https://www.networking-morbihan.com/visite-du-plateau-compositic-a-ploemeur
0.0;0.0;1.0;81.0;conforter traduction;https://www.networking-morbihan.com/atelier-creativite
0.0;0.0;18.0;8.61111111111111;connect in;https://www.networking-morbihan.com/nw56-connectin-lorient-14-novembre
0.0;0.0;2.0;5.5;connect'in;https://www.networking-morbihan.com/
0.0;0.0;7.0;8.142857142857142;connect'in;https://www.networking-morbihan.com/nw56-connectin-lorient-14-novembre
0.0;0.0;1.0;7.0;connect-in;https://www.networking-morbihan.com/nw56-connectin-lorient-14-novembre
0.0;0.0;54.0;7.5;connectin;https://www.networking-morbihan.com/nw56-connectin-lorient-14-novembre
0.0;0.0;13.0;42.61538461538461;conseil en image morbihan;https://www.networking-morbihan.com/networking-conseil
0.0;0.0;17.0;24.235294117647058;conseil entreprise morbihan;https://www.networking-morbihan.com/networking-conseil
0.0;0.0;15.0;32.86666666666667;conseil entreprise morbihan;https://www.networking-morbihan.com/nouveau-speed-conseil-networking-morbihan-a-vannes-le-jeudi-26-fevrier
0.0;0.0;1.0;41.0;conseil entreprise morbihan;https://www.networking-morbihan.com/speed-conseil-networking-morbihan-a-ploermel-le-jeudi-23-avril
0.0;0.0;16.0;26.9375;conseil entreprise vannes;https://www.networking-morbihan.com/nouveau-speed-conseil-networking-morbihan-a-vannes-le-jeudi-26-fevrier
0.0;0.0;7.0;93.71428571428571;conserverie belle iloise;https://www.networking-morbihan.com/visite-la-belle-iloise
0.0;0.0;17.0;32.17647058823529;conserverie familiale;https://www.networking-morbihan.com/visite-la-belle-iloise
0.0;0.0;1.0;95.0;conserverie lorient;https://www.networking-morbihan.com/visite-la-belle-iloise
0.0;0.0;33.0;67.33333333333333;correcte;https://www.networking-morbihan.com/tenue-correcte-exigee
0.0;0.0;1.0;16.0;coworking lorient;https://www.networking-morbihan.com/enquete-coworking
0.0;0.0;3.0;50.0;creperie etel;https://www.networking-morbihan.com/visite-entreprise-lalie-design
0.0;0.0;1.0;18.0;cyril roux avocat;https://www.networking-morbihan.com/maitre-jean-pierre-roux-avocat
0.0;0.0;2.0;7.5;dating pr;https://www.networking-morbihan.com/speed-dating-professionnel
0.0;0.0;15.0;9.6;dating pro;https://www.networking-morbihan.com/speed-dating-professionnel
0.0;0.0;9.0;43.111111111111114;dcns lorient;https://www.networking-morbihan.com/visite-naval-group-lorient-12-juin-2018
0.0;0.0;2.0;19.0;dcns lorient adresse;https://www.networking-morbihan.com/visite-naval-group-lorient-12-juin-2018
0.0;0.0;20.0;89.1;dcns naval group;https://www.networking-morbihan.com/visite-naval-group-lorient-12-juin-2018
0.0;0.0;1.0;10.0;de se présenter;https://www.networking-morbihan.com/savoir-se-presenter-de-maniere-attractive
0.0;0.0;3.0;37.666666666666664;delanoy;https://www.networking-morbihan.com/le-mot-cle-sylvie-delanoy
0.0;0.0;1.0;7.0;delphine sagory;https://www.networking-morbihan.com/savoir-se-presenter-de-maniere-attractive
0.0;0.0;1.0;88.0;design d entreprise;https://www.networking-morbihan.com/visite-entreprise-lalie-design
0.0;0.0;1.0;81.0;design france monde;https://www.networking-morbihan.com/visite-entreprise-lalie-design
0.0;0.0;4.0;74.75;developpement personnel lorient;https://www.networking-morbihan.com/nos-adherents
0.0;0.0;1.0;54.0;didier caradec;https://www.networking-morbihan.com/reseaux-lorient
0.0;0.0;2.0;49.0;diététicienne lorient;https://www.networking-morbihan.com/gwenola-lestrohan
0.0;0.0;3.0;42.0;diététicienne nutritionniste lorient;https://www.networking-morbihan.com/gwenola-lestrohan
0.0;0.0;9.0;35.111111111111114;dubail;https://www.networking-morbihan.com/networking-fait-sa-rentree-au-cafe-dubail
0.0;0.0;1.0;72.0;e mind map;https://www.networking-morbihan.com/atelier-mind-mapping
0.0;0.0;26.0;39.19230769230769;eci;https://www.networking-morbihan.com/rph-eci
0.0;0.0;1.0;84.0;eci tous;https://www.networking-morbihan.com/rph-eci
0.0;0.0;1.0;11.0;eci.com;https://www.networking-morbihan.com/rph-eci
0.0;0.0;3.0;32.66666666666667;elan association;https://www.networking-morbihan.com/association-elan-2
0.0;0.0;4.0;79.25;elodie barreau;https://www.networking-morbihan.com/tenue-correcte-exigee
0.0;0.0;1.0;11.0;emilie carre;https://www.networking-morbihan.com/atelier-communication
0.0;0.0;2.0;89.5;enquete sondage;https://www.networking-morbihan.com/enquete-coworking
0.0;0.0;1.0;39.0;entre 2 pont scorff;https://www.networking-morbihan.com/visite-atelier-turrini-pont-scorff
0.0;0.0;2.0;31.0;entre deux pont scorff;https://www.networking-morbihan.com/visite-atelier-turrini-pont-scorff
0.0;0.0;1.0;56.0;entreprise avril;https://www.networking-morbihan.com/bosse-colors-lorient
0.0;0.0;1.0;9.0;entreprise avril;https://www.networking-morbihan.com/comment-financer-son-entreprise-le-9-avril-2019-a-larmor-plage
0.0;0.0;3.0;29.333333333333332;entreprise bon vivre;https://www.networking-morbihan.com/pour-une-entreprise-ou-il-fait-bon-vivre
0.0;0.0;2.0;43.0;entreprise clement;https://www.networking-morbihan.com/anne-clement
0.0;0.0;2.0;76.0;entreprise communication lorient;https://www.networking-morbihan.com/bosse-colors-lorient
0.0;0.0;15.0;85.4;entreprise de design;https://www.networking-morbihan.com/visite-entreprise-lalie-design
0.0;0.0;1.0;101.0;entreprise de sécurité informatique;https://www.networking-morbihan.com/securite-informatique
0.0;0.0;17.0;84.11764705882354;entreprise design;https://www.networking-morbihan.com/visite-entreprise-lalie-design
0.0;0.0;2.0;71.5;entreprise lorient;https://www.networking-morbihan.com/bosse-colors-lorient
0.0;0.0;3.0;56.666666666666664;entreprise ou il fait bon vivre;https://www.networking-morbihan.com/pour-une-entreprise-ou-il-fait-bon-vivre
0.0;0.0;2.0;98.5;entreprise sécurité informatique;https://www.networking-morbihan.com/securite-informatique
0.0;0.0;1.0;10.0;espace coworking lorient;https://www.networking-morbihan.com/coworking-lorient
0.0;0.0;1.0;20.0;et bien oui;https://www.networking-morbihan.com/twitter-entreprise
0.0;0.0;4.0;9.5;etel design;https://www.networking-morbihan.com/visite-entreprise-lalie-design
0.0;0.0;1.0;98.0;etel morbihan;https://www.networking-morbihan.com/visite-entreprise-lalie-design
0.0;0.0;1.0;28.0;etel ouest france;https://www.networking-morbihan.com/visite-entreprise-lalie-design
0.0;0.0;1.0;71.0;etre correcte;https://www.networking-morbihan.com/tenue-correcte-exigee
0.0;0.0;4.0;33.0;evenement lorient;https://www.networking-morbihan.com/
0.0;0.0;1.0;29.0;evenement morbihan;https://www.networking-morbihan.com/
0.0;0.0;1.0;36.0;evenement morbihan;https://www.networking-morbihan.com/je-cree-mon-evenement
0.0;0.0;1.0;5.0;facteur logo;https://www.networking-morbihan.com/projet-hello-facteur
0.0;0.0;3.0;27.333333333333332;fileo groupe;https://www.networking-morbihan.com/networking-morbihan-en-mode-projet-le-9-octobre
0.0;0.0;1.0;36.0;financement monétaire et non monétaire;https://www.networking-morbihan.com/venez-tester-les-echanges-non-monetaires-entre-entreprises
0.0;0.0;1.0;47.0;financement non monétaire;https://www.networking-morbihan.com/venez-tester-les-echanges-non-monetaires-entre-entreprises
0.0;0.0;2.0;51.0;financement pro morbihan;https://www.networking-morbihan.com/speed-dating-professionnel
0.0;0.0;10.0;84.6;financer son entreprise;https://www.networking-morbihan.com/comment-financer-son-entreprise-le-9-avril-2019-a-larmor-plage
0.0;0.0;25.0;78.72;fives syleps;https://www.networking-morbihan.com/syleps
0.0;0.0;1.0;72.0;fly lanester;https://www.networking-morbihan.com/visite-lancelot
0.0;0.0;5.0;81.4;formation hypnose lorient;https://www.networking-morbihan.com/nos-adherents
0.0;0.0;12.0;82.41666666666667;formation hypnose morbihan;https://www.networking-morbihan.com/nos-adherents
0.0;0.0;2.0;67.0;formation mur végétal;https://www.networking-morbihan.com/liaison-vegetale
0.0;0.0;1.0;76.0;formation networking;https://www.networking-morbihan.com/proposer-une-offre-de-formation
0.0;0.0;1.0;12.0;francois trinel photos;https://www.networking-morbihan.com/portrait-francois-trinel-speed-meeting-de-rentree-2
0.0;0.0;2.0;83.5;gens de mer lorient;https://www.networking-morbihan.com/visite-naval-group-lorient-12-juin-2018
0.0;0.0;1.0;85.0;group naval;https://www.networking-morbihan.com/visite-naval-group-lorient-12-juin-2018
0.0;0.0;2.0;76.0;général dubail;https://www.networking-morbihan.com/networking-fait-sa-rentree-au-cafe-dubail
0.0;0.0;1.0;93.0;henaff boutique;https://www.networking-morbihan.com/visite-entreprise-henaff
0.0;0.0;1.0;77.0;hlb edition;https://www.networking-morbihan.com/le-point-sur-le-projet-livre-et-temoignage-de-notre-editeur-le-12-mars-2019
0.0;0.0;1.0;71.0;hotel les mouettes larmor plage;https://www.networking-morbihan.com/ag-festive-du-10-juillet-2018-aux-mouettes-a-larmor-plage
0.0;0.0;2.0;62.5;hotel restaurant les mouettes larmor plage;https://www.networking-morbihan.com/ag-festive-du-10-juillet-2018-aux-mouettes-a-larmor-plage
0.0;0.0;1.0;69.0;hôtel restaurant les mouettes larmor-plage;https://www.networking-morbihan.com/ag-festive-du-10-juillet-2018-aux-mouettes-a-larmor-plage
0.0;0.0;2.0;70.0;ibis style caudan;https://www.networking-morbihan.com/chouchoutez-vos-clients
0.0;0.0;15.0;93.8;iloise;https://www.networking-morbihan.com/visite-la-belle-iloise
0.0;0.0;1.0;30.0;ils sont exigeants;https://www.networking-morbihan.com/chouchoutez-vos-clients
0.0;0.0;1.0;26.0;ils sont fidèles;https://www.networking-morbihan.com/chouchoutez-vos-clients
0.0;0.0;1.0;47.0;ils sont sympa;https://www.networking-morbihan.com/chouchoutez-vos-clients
0.0;0.0;7.0;1.0;image pour se présenter;https://www.networking-morbihan.com/savoir-se-presenter-de-maniere-attractive
0.0;0.0;15.0;1.0;image se présenter;https://www.networking-morbihan.com/savoir-se-presenter-de-maniere-attractive
0.0;0.0;1.0;71.0;incitation en anglais;https://www.networking-morbihan.com/une-incitation-gouvernementale-pour-developper-le-coworking-et-le-crowdfunding
0.0;0.0;1.0;78.0;internet morbihan;https://www.networking-morbihan.com/business-internet
0.0;0.0;1.0;81.0;jardinerie lorient;https://www.networking-morbihan.com/mind-mapping
0.0;0.0;1.0;93.0;jardinerie morbihan;https://www.networking-morbihan.com/coworking-lorient
0.0;0.0;1.0;40.0;je cree mon faire part;https://www.networking-morbihan.com/je-cree-mon-evenement
0.0;0.0;1.0;72.0;je rédigeais;https://www.networking-morbihan.com/le-mot-cle-sylvie-delanoy
0.0;0.0;1.0;60.0;jean pierre bosse;https://www.networking-morbihan.com/bosse-colors-lorient
0.0;0.0;2.0;44.0;jean pierre roux;https://www.networking-morbihan.com/maitre-jean-pierre-roux-avocat
0.0;0.0;1.0;54.0;jean-pierre roux;https://www.networking-morbihan.com/maitre-jean-pierre-roux-avocat
0.0;0.0;2.0;63.5;jonathan signification;https://www.networking-morbihan.com/jonathan-allio
0.0;0.0;1.0;32.0;julie rault;https://www.networking-morbihan.com/coworking-lorient
0.0;0.0;29.0;51.206896551724135;kdo;https://www.networking-morbihan.com/soiree-cadeau
0.0;0.0;1.0;42.0;kdo kdo;https://www.networking-morbihan.com/soiree-cadeau
0.0;0.0;1.0;88.0;l atelier lorient;https://www.networking-morbihan.com/atelier-mind-mapping
0.0;0.0;2.0;29.0;l entre 2 pont scorff;https://www.networking-morbihan.com/visite-atelier-turrini-pont-scorff
0.0;0.0;2.0;25.0;l entre deux pont scorff;https://www.networking-morbihan.com/visite-atelier-turrini-pont-scorff
0.0;0.0;1.0;82.0;l'atelier lorient;https://www.networking-morbihan.com/atelier-mind-mapping
0.0;0.0;2.0;28.0;l'entre 2 pont scorff;https://www.networking-morbihan.com/visite-atelier-turrini-pont-scorff
0.0;0.0;1.0;23.0;l'entre deux pont scorff;https://www.networking-morbihan.com/visite-atelier-turrini-pont-scorff
0.0;0.0;1.0;36.0;l'essentiel ploermel;https://www.networking-morbihan.com/speed-conseil-networking-morbihan-a-ploermel-le-jeudi-23-avril
0.0;0.0;1.0;97.0;la belle illoise;https://www.networking-morbihan.com/visite-la-belle-iloise
0.0;0.0;2.0;93.5;la belle iloise;https://www.networking-morbihan.com/visite-la-belle-iloise
0.0;0.0;35.0;33.4;la belle iloise lorient;https://www.networking-morbihan.com/visite-la-belle-iloise
0.0;0.0;1.0;90.0;la belle iloise quiberon;https://www.networking-morbihan.com/visite-la-belle-iloise
0.0;0.0;1.0;34.0;la brasserie du coin lorient;https://www.networking-morbihan.com/visite-lancelot
0.0;0.0;1.0;89.0;la gestion de patrimoine pour les nuls;https://www.networking-morbihan.com/retraite-pour-les-nuls
0.0;0.0;3.0;9.333333333333334;la maison turrini;https://www.networking-morbihan.com/visite-atelier-turrini-pont-scorff
0.0;0.0;46.0;73.23913043478261;la retraite pour les nuls;https://www.networking-morbihan.com/retraite-pour-les-nuls
0.0;0.0;5.0;82.0;labelle iloise;https://www.networking-morbihan.com/visite-la-belle-iloise
0.0;0.0;9.0;65.55555555555556;lalie;https://www.networking-morbihan.com/visite-entreprise-lalie-design
0.0;0.0;19.0;18.473684210526315;lalie design;https://www.networking-morbihan.com/visite-entreprise-lalie-design
0.0;0.0;36.0;8.305555555555555;lalie design etel;https://www.networking-morbihan.com/visite-entreprise-lalie-design
0.0;0.0;2.0;46.5;lancelot brasserie;https://www.networking-morbihan.com/visite-lancelot
0.0;0.0;2.0;72.0;lancelot lorient;https://www.networking-morbihan.com/visite-lancelot
0.0;0.0;1.0;72.0;lann er roch;https://www.networking-morbihan.com/soiree-cadeau
0.0;0.0;6.0;80.0;laure benoit;https://www.networking-morbihan.com/bosse-colors-lorient
0.0;0.0;1.0;94.0;laurent perron;https://www.networking-morbihan.com/venez-tester-les-echanges-non-monetaires-entre-entreprises
0.0;0.0;1.0;60.0;lc design lorient;https://www.networking-morbihan.com/visite-la-belle-iloise
0.0;0.0;1.0;89.0;le 14 novembre;https://www.networking-morbihan.com/nw56-connectin-lorient-14-novembre
0.0;0.0;2.0;58.5;le carré lorient;https://www.networking-morbihan.com/crowdfunding-lorient
0.0;0.0;5.0;11.2;le churchill ploemeur;https://www.networking-morbihan.com/networking-morbihan-soiree-ckdo
0.0;0.0;6.0;11.0;le churchill ploemeur;https://www.networking-morbihan.com/soiree-cadeau
0.0;0.0;3.0;74.33333333333333;le mot clé;https://www.networking-morbihan.com/le-mot-cle-sylvie-delanoy
0.0;0.0;1.0;58.0;le networking;https://www.networking-morbihan.com/
0.0;0.0;3.0;55.666666666666664;le passeport lorient;https://www.networking-morbihan.com/visite-naval-group-lorient-12-juin-2018
0.0;0.0;1.0;115.0;le point mars 2019;https://www.networking-morbihan.com/le-point-sur-le-projet-livre-et-temoignage-de-notre-editeur-le-12-mars-2019
0.0;0.0;3.0;41.333333333333336;le speed dating;https://www.networking-morbihan.com/speed-dating-professionnel
0.0;0.0;1.0;83.0;les entreprises ou il fait bon vivre;https://www.networking-morbihan.com/pour-une-entreprise-ou-il-fait-bon-vivre
0.0;0.0;2.0;84.0;les gens de mer lorient;https://www.networking-morbihan.com/visite-naval-group-lorient-12-juin-2018
0.0;0.0;2.0;58.0;les mouettes larmor;https://www.networking-morbihan.com/ag-festive-du-10-juillet-2018-aux-mouettes-a-larmor-plage
0.0;0.0;3.0;70.0;les mouettes larmor plage;https://www.networking-morbihan.com/ag-festive-du-10-juillet-2018-aux-mouettes-a-larmor-plage
0.0;0.0;1.0;26.0;les oliviers lanester;https://www.networking-morbihan.com/networking-morbihan-en-mode-projet-le-9-octobre
0.0;0.0;2.0;41.5;les speed dating;https://www.networking-morbihan.com/speed-dating-professionnel
0.0;0.0;3.0;102.33333333333333;les échanges;https://www.networking-morbihan.com/venez-tester-les-echanges-non-monetaires-entre-entreprises
0.0;0.0;3.0;11.333333333333334;lespeed;https://www.networking-morbihan.com/speed-dating-professionnel
0.0;0.0;5.0;43.8;lespeeddating;https://www.networking-morbihan.com/speed-dating-professionnel
0.0;0.0;1.0;95.0;lestrohan;https://www.networking-morbihan.com/visite-entreprise-lalie-design
0.0;0.0;5.0;32.0;livre de témoignage;https://www.networking-morbihan.com/le-point-sur-le-projet-livre-et-temoignage-de-notre-editeur-le-12-mars-2019
0.0;0.0;1.0;72.0;livre le point;https://www.networking-morbihan.com/le-point-sur-le-projet-livre-et-temoignage-de-notre-editeur-le-12-mars-2019
0.0;0.0;2.0;33.5;livre point;https://www.networking-morbihan.com/le-point-sur-le-projet-livre-et-temoignage-de-notre-editeur-le-12-mars-2019
0.0;0.0;1.0;92.0;livre projet;https://www.networking-morbihan.com/le-point-sur-le-projet-livre-et-temoignage-de-notre-editeur-le-12-mars-2019
0.0;0.0;1.0;77.0;livre retraite pour les nuls;https://www.networking-morbihan.com/retraite-pour-les-nuls
0.0;0.0;1.0;76.0;livre temoignage;https://www.networking-morbihan.com/le-point-sur-le-projet-livre-et-temoignage-de-notre-editeur-le-12-mars-2019
0.0;0.0;1.0;96.0;livre témoignage;https://www.networking-morbihan.com/le-point-sur-le-projet-livre-et-temoignage-de-notre-editeur-le-12-mars-2019
0.0;0.0;1.0;19.0;loic samson;https://www.networking-morbihan.com/atelier-creativite
0.0;0.0;1.0;49.0;lorient a visiter;https://www.networking-morbihan.com/visite-naval-group-lorient-12-juin-2018
0.0;0.0;1.0;77.0;lorient arsenal;https://www.networking-morbihan.com/visite-naval-group-lorient-12-juin-2018
0.0;0.0;2.0;59.0;lorient entreprise;https://www.networking-morbihan.com/bosse-colors-lorient
0.0;0.0;2.0;80.0;lorient morbihan;https://www.networking-morbihan.com/nw56-connectin-lorient-14-novembre
0.0;0.0;2.0;39.5;lorient visite;https://www.networking-morbihan.com/visite-naval-group-lorient-12-juin-2018
0.0;0.0;1.0;41.0;lorient visiter;https://www.networking-morbihan.com/visite-naval-group-lorient-12-juin-2018
0.0;0.0;1.0;69.0;lorientle;https://www.networking-morbihan.com/bosse-colors-lorient
0.0;0.0;4.0;65.25;lorientle;https://www.networking-morbihan.com/nw56-connectin-lorient-14-novembre
0.0;0.0;1.0;67.0;mad mapping;https://www.networking-morbihan.com/atelier-mind-mapping
0.0;0.0;1.0;71.0;madmapping;https://www.networking-morbihan.com/atelier-mind-mapping
0.0;0.0;1.0;69.0;main maping;https://www.networking-morbihan.com/atelier-mind-mapping
0.0;0.0;14.0;7.0;maison turrini;https://www.networking-morbihan.com/visite-atelier-turrini-pont-scorff
0.0;0.0;6.0;36.166666666666664;maitre jean pierre;https://www.networking-morbihan.com/maitre-jean-pierre-roux-avocat
0.0;0.0;71.0;4.211267605633803;maitre jean pierre benevise;https://www.networking-morbihan.com/maitre-jean-pierre-roux-avocat
0.0;0.0;91.0;9.802197802197803;maitre jean pierre hory;https://www.networking-morbihan.com/maitre-jean-pierre-roux-avocat
0.0;0.0;3.0;9.333333333333334;maitre jean-pierre hory;https://www.networking-morbihan.com/maitre-jean-pierre-roux-avocat
0.0;0.0;2.0;84.5;maitre roux;https://www.networking-morbihan.com/maitre-jean-pierre-roux-avocat
0.0;0.0;1.0;23.0;map lorient;https://www.networking-morbihan.com/atelier-mind-mapping
0.0;0.0;18.0;14.11111111111111;maps lorient;https://www.networking-morbihan.com/atelier-mind-mapping
0.0;0.0;2.0;23.5;maps morbihan;https://www.networking-morbihan.com/atelier-mind-mapping
0.0;0.0;2.0;46.0;marie-laure sy;https://www.networking-morbihan.com/vous-avez-du-talent-2017
0.0;0.0;16.0;5.625;maître jean pierre benevise;https://www.networking-morbihan.com/maitre-jean-pierre-roux-avocat
0.0;0.0;12.0;9.833333333333334;maître jean pierre hory;https://www.networking-morbihan.com/maitre-jean-pierre-roux-avocat
0.0;0.0;2.0;46.5;mba lorient;https://www.networking-morbihan.com/lean-management
0.0;0.0;1.0;8.0;meetoyen;https://www.networking-morbihan.com/meetoyen
0.0;0.0;3.0;88.0;mind map;https://www.networking-morbihan.com/atelier-mind-mapping
0.0;0.0;1.0;89.0;mind map com;https://www.networking-morbihan.com/atelier-mind-mapping
0.0;0.0;30.0;59.6;mind map entreprise;https://www.networking-morbihan.com/atelier-mind-mapping
0.0;0.0;2.0;90.5;mind map logiciel gratuit;https://www.networking-morbihan.com/atelier-mind-mapping
0.0;0.0;2.0;54.0;mind map portable;https://www.networking-morbihan.com/atelier-mind-mapping
0.0;0.0;1.0;66.0;mind map telecharger;https://www.networking-morbihan.com/atelier-mind-mapping
0.0;0.0;1.0;86.0;mind map vue;https://www.networking-morbihan.com/atelier-mind-mapping
0.0;0.0;2.0;81.5;mind maping;https://www.networking-morbihan.com/atelier-mind-mapping
0.0;0.0;81.0;77.5679012345679;mind mapping;https://www.networking-morbihan.com/atelier-mind-mapping
0.0;0.0;1.0;99.0;mind mapping avec powerpoint;https://www.networking-morbihan.com/atelier-mind-mapping
0.0;0.0;4.0;93.75;mind mapping logiciel gratuit;https://www.networking-morbihan.com/atelier-mind-mapping
0.0;0.0;1.0;41.0;mind mapping portable;https://www.networking-morbihan.com/atelier-mind-mapping
0.0;0.0;1.0;80.0;mind mapping powerpoint;https://www.networking-morbihan.com/atelier-mind-mapping
0.0;0.0;1.0;23.0;mind mapping technique;https://www.networking-morbihan.com/atelier-mind-mapping
0.0;0.0;1.0;70.0;mind mipping;https://www.networking-morbihan.com/atelier-mind-mapping
0.0;0.0;47.0;75.12765957446808;mind-mapping;https://www.networking-morbihan.com/atelier-mind-mapping
0.0;0.0;22.0;74.77272727272727;mindmaping;https://www.networking-morbihan.com/atelier-mind-mapping
0.0;0.0;5.0;69.4;mon evenement.com;https://www.networking-morbihan.com/je-cree-mon-evenement
0.0;0.0;2.0;93.0;morbihan;https://www.networking-morbihan.com/
0.0;0.0;2.0;8.5;morbihan com;https://www.networking-morbihan.com/
0.0;0.0;2.0;75.0;morbihan lorient;https://www.networking-morbihan.com/coworking-lorient
0.0;0.0;1.0;73.0;morbihan lorient;https://www.networking-morbihan.com/nw56-connectin-lorient-14-novembre
0.0;0.0;1.0;61.0;morbihan plan;https://www.networking-morbihan.com/plan-du-site
0.0;0.0;1.0;35.0;morbihan signification;https://www.networking-morbihan.com/liaison-vegetale
0.0;0.0;1.0;98.0;morbihan visite;https://www.networking-morbihan.com/visite-du-plateau-compositic-a-ploemeur
0.0;0.0;1.0;99.0;morbihan visite;https://www.networking-morbihan.com/visite-entreprise-lalie-design
0.0;0.0;1.0;7.0;morbihan. com;https://www.networking-morbihan.com/
0.0;0.0;8.0;17.75;morbihan.com;https://www.networking-morbihan.com/
0.0;0.0;1.0;97.0;morbilhan;https://www.networking-morbihan.com/
0.0;0.0;1.0;19.0;morgane le moelle;https://www.networking-morbihan.com/enneagramme-bonnes-relations-2019
0.0;0.0;1.0;19.0;morgane le moelle;https://www.networking-morbihan.com/nos-adherents
0.0;0.0;1.0;26.0;morgane le moelle;https://www.networking-morbihan.com/visite-naval-group-lorient-12-juin-2018
0.0;0.0;1.0;69.0;mot avec cle;https://www.networking-morbihan.com/le-mot-cle-sylvie-delanoy
0.0;0.0;2.0;48.0;mémé patate;https://www.networking-morbihan.com/management-en-temps-de-crise
0.0;0.0;1.0;75.0;naval group adresse;https://www.networking-morbihan.com/visite-naval-group-lorient-12-juin-2018
0.0;0.0;30.0;85.06666666666666;naval group dcns;https://www.networking-morbihan.com/visite-naval-group-lorient-12-juin-2018
0.0;0.0;18.0;49.111111111111114;naval group lorient;https://www.networking-morbihan.com/visite-naval-group-lorient-12-juin-2018
0.0;0.0;1.0;15.0;naval group lorient adresse;https://www.networking-morbihan.com/visite-naval-group-lorient-12-juin-2018
0.0;0.0;3.0;20.333333333333332;naval group lorient organigramme;https://www.networking-morbihan.com/visite-naval-group-lorient-12-juin-2018
0.0;0.0;5.0;46.2;naval group lorient recrutement;https://www.networking-morbihan.com/visite-naval-group-lorient-12-juin-2018
0.0;0.0;1.0;91.0;naval groupe;https://www.networking-morbihan.com/visite-naval-group-lorient-12-juin-2018
0.0;0.0;1.0;42.0;naval groupe lorient;https://www.networking-morbihan.com/visite-naval-group-lorient-12-juin-2018
0.0;0.0;1.0;27.0;net working;https://www.networking-morbihan.com/
0.0;0.0;1.0;7.0;netwoking;https://www.networking-morbihan.com/
0.0;0.0;1.0;10.0;networing;https://www.networking-morbihan.com/
0.0;0.0;1.0;10.0;networkimg;https://www.networking-morbihan.com/
0.0;0.0;1.0;94.0;networking;https://www.networking-morbihan.com/networking-conseil
0.0;0.0;1.0;8.0;networking;https://www.networking-morbihan.com/nouveau-speed-conseil-networking-morbihan-a-vannes-le-jeudi-26-fevrier
0.0;0.0;2.0;3.0;networking apero;https://www.networking-morbihan.com/proposer-une-offre-de-formation
0.0;0.0;2.0;41.0;networking client;https://www.networking-morbihan.com/chouchoutez-vos-clients
0.0;0.0;1.0;44.0;networking clients;https://www.networking-morbihan.com/reseaux-sociaux-professionnels
0.0;0.0;5.0;1.0;networking morbihan;https://www.networking-morbihan.com/adhesion-nw56
0.0;0.0;5.0;1.0;networking morbihan;https://www.networking-morbihan.com/calendrier
0.0;0.0;4.0;1.0;networking morbihan;https://www.networking-morbihan.com/contactez-nous
0.0;0.0;17.0;1.0;networking morbihan;https://www.networking-morbihan.com/networking-conseil
0.0;0.0;6.0;11.166666666666666;networking morbihan;https://www.networking-morbihan.com/nw56-connectin-lorient-14-novembre
0.0;0.0;1.0;1.0;networking morbihan;https://www.networking-morbihan.com/plan-du-site
0.0;0.0;3.0;1.0;networking morbihan;https://www.networking-morbihan.com/soiree-cadeau
0.0;0.0;14.0;54.42857142857143;networking professionnel;https://www.networking-morbihan.com/speed-dating-professionnel
0.0;0.0;1.0;18.0;nous ferrons;https://www.networking-morbihan.com/presentez-votre-entreprise
0.0;0.0;1.0;43.0;nutritionniste lorient;https://www.networking-morbihan.com/gwenola-lestrohan
0.0;0.0;1.0;7.0;nw56;https://www.networking-morbihan.com/bonne-rentree
0.0;0.0;3.0;6.0;nw56;https://www.networking-morbihan.com/nw56-connectin-lorient-14-novembre
0.0;0.0;8.0;35.875;objet publicitaire lorient;https://www.networking-morbihan.com/bosse-colors-lorient
0.0;0.0;1.0;47.0;octopousse;https://www.networking-morbihan.com/crowdfunding-lorient
0.0;0.0;3.0;20.0;olivier hutteau;https://www.networking-morbihan.com/lamour-au-bureau-2
0.0;0.0;1.0;60.0;olivier lecourt;https://www.networking-morbihan.com/coworking-lorient
0.0;0.0;9.0;33.111111111111114;optimisation fiscale et sociale;https://www.networking-morbihan.com/optimisation-fiscale-et-sociale-2
0.0;0.0;1.0;71.0;optimisation sociale;https://www.networking-morbihan.com/optimisation-fiscale-et-sociale-2
0.0;0.0;1.0;96.0;orthographe activité;https://www.networking-morbihan.com/orthographe
0.0;0.0;1.0;66.0;orthographe de inclu;https://www.networking-morbihan.com/orthographe
0.0;0.0;1.0;93.0;orthographe de mathieu;https://www.networking-morbihan.com/orthographe
0.0;0.0;2.0;38.5;orthographe image;https://www.networking-morbihan.com/orthographe
0.0;0.0;6.0;45.833333333333336;orthographe sur;https://www.networking-morbihan.com/orthographe
0.0;0.0;5.0;31.2;ouest france etel;https://www.networking-morbihan.com/visite-entreprise-lalie-design
0.0;0.0;18.0;89.27777777777777;outil mind mapping;https://www.networking-morbihan.com/atelier-mind-mapping
0.0;0.0;2.0;36.0;palais des congres lorient programme;https://www.networking-morbihan.com/networking-morbihan-au-forum-de-la-creation-dentreprise-le-26-septembre-2013-2
0.0;0.0;3.0;74.0;passeport lorient;https://www.networking-morbihan.com/visite-naval-group-lorient-12-juin-2018
0.0;0.0;2.0;63.5;paypal pour les nuls;https://www.networking-morbihan.com/retraite-pour-les-nuls
0.0;0.0;5.0;70.4;pepiniere morbihan;https://www.networking-morbihan.com/un-espace-de-travail-mutualise-a-ploemeur-au-sein-de-la-pepiniere-dentreprises
0.0;0.0;30.0;65.06666666666666;pepinière morbihan;https://www.networking-morbihan.com/un-espace-de-travail-mutualise-a-ploemeur-au-sein-de-la-pepiniere-dentreprises
0.0;0.0;3.0;89.0;pibs vannes;https://www.networking-morbihan.com/nouveau-speed-conseil-networking-morbihan-a-vannes-le-jeudi-26-fevrier
0.0;0.0;1.0;12.0;pierre roux;https://www.networking-morbihan.com/maitre-jean-pierre-roux-avocat
0.0;0.0;9.0;8.333333333333332;pierre roux facebook;https://www.networking-morbihan.com/maitre-jean-pierre-roux-avocat
0.0;0.0;4.0;56.75;plan du morbihan;https://www.networking-morbihan.com/plan-du-site
0.0;0.0;2.0;51.5;pmi morbihan;https://www.networking-morbihan.com/aleos2i
0.0;0.0;1.0;71.0;pont scorff carte;https://www.networking-morbihan.com/visite-atelier-turrini-pont-scorff
0.0;0.0;2.0;43.5;portage salarial morbihan;https://www.networking-morbihan.com/meetoyen
0.0;0.0;1.0;90.0;portage salarial webportage;https://www.networking-morbihan.com/meetoyen
0.0;0.0;7.0;55.714285714285715;portraits croisés;https://www.networking-morbihan.com/portraits-croises
0.0;0.0;1.0;34.0;presentez;https://www.networking-morbihan.com/presentez-votre-entreprise
0.0;0.0;3.0;58.666666666666664;prise en charge morbihan;https://www.networking-morbihan.com/
0.0;0.0;1.0;9.0;pro dating;https://www.networking-morbihan.com/speed-dating-professionnel
0.0;0.0;3.0;36.333333333333336;projet de livre;https://www.networking-morbihan.com/le-point-sur-le-projet-livre-et-temoignage-de-notre-editeur-le-12-mars-2019
0.0;0.0;1.0;67.0;projet livre;https://www.networking-morbihan.com/le-point-sur-le-projet-livre-et-temoignage-de-notre-editeur-le-12-mars-2019
0.0;0.0;1.0;48.0;présentez;https://www.networking-morbihan.com/presentez-votre-entreprise
0.0;0.0;1.0;36.0;qu'est ce que le networking;https://www.networking-morbihan.com/
0.0;0.0;5.0;49.0;qu'est-ce qu'un espace de coworking;https://www.networking-morbihan.com/grande-enquete-sur-lopportunite-dun-espace-coworking-sur-lorient
0.0;0.0;2.0;80.5;que dire pour se présenter;https://www.networking-morbihan.com/savoir-se-presenter-de-maniere-attractive
0.0;0.0;2.0;16.0;relation à l'autre;https://www.networking-morbihan.com/modifier-sa-relation-a-l-autre-2
0.0;0.0;1.0;62.0;restaurant lancelot;https://www.networking-morbihan.com/visite-lancelot
0.0;0.0;3.0;45.666666666666664;restaurant le lancelot;https://www.networking-morbihan.com/visite-lancelot
0.0;0.0;1.0;78.0;restaurant les mouettes larmor;https://www.networking-morbihan.com/ag-festive-du-10-juillet-2018-aux-mouettes-a-larmor-plage
0.0;0.0;3.0;70.0;restaurant les mouettes larmor plage;https://www.networking-morbihan.com/ag-festive-du-10-juillet-2018-aux-mouettes-a-larmor-plage
0.0;0.0;1.0;39.0;restaurant les oliviers lanester;https://www.networking-morbihan.com/networking-morbihan-en-mode-projet-le-9-octobre
0.0;0.0;1.0;94.0;restaurant turini;https://www.networking-morbihan.com/visite-atelier-turrini-pont-scorff
0.0;0.0;3.0;83.33333333333333;retraite pour les nuls;https://www.networking-morbihan.com/retraite-pour-les-nuls
0.0;0.0;2.0;58.5;robe cecile duflot;https://www.networking-morbihan.com/tenue-correcte-exigee
0.0;0.0;2.0;15.0;robe correcte;https://www.networking-morbihan.com/tenue-correcte-exigee
0.0;0.0;18.0;75.77777777777777;roux avocat;https://www.networking-morbihan.com/maitre-jean-pierre-roux-avocat
0.0;0.0;10.0;27.4;rph;https://www.networking-morbihan.com/rph-eci
0.0;0.0;5.0;83.0;rph international;https://www.networking-morbihan.com/rph-eci
0.0;0.0;1.0;82.0;rue simone signoret lorient;https://www.networking-morbihan.com/atelier-communication
0.0;0.0;1.0;42.0;réseau pro lorient;https://www.networking-morbihan.com/speed-dating-professionnel
0.0;0.0;2.0;7.0;réseau profesionnel;https://www.networking-morbihan.com/reseau-professionnel
0.0;0.0;2.0;95.5;réseaux professionnels;https://www.networking-morbihan.com/reseaux-lorient
0.0;0.0;5.0;7.8;sarah turrini;https://www.networking-morbihan.com/visite-atelier-turrini-pont-scorff
0.0;0.0;22.0;6.636363636363637;savoir se presenter;https://www.networking-morbihan.com/savoir-se-presenter-de-maniere-attractive
0.0;0.0;65.0;9.338461538461539;savoir se présenter;https://www.networking-morbihan.com/savoir-se-presenter-de-maniere-attractive
0.0;0.0;7.0;63.714285714285715;se presenter;https://www.networking-morbihan.com/savoir-se-presenter-de-maniere-attractive
0.0;0.0;6.0;77.33333333333333;se présenter;https://www.networking-morbihan.com/savoir-se-presenter-de-maniere-attractive
0.0;0.0;1.0;60.0;se présenter en public;https://www.networking-morbihan.com/savoir-se-presenter-de-maniere-attractive
0.0;0.0;5.0;1.0;se présenter image;https://www.networking-morbihan.com/savoir-se-presenter-de-maniere-attractive
0.0;0.0;11.0;97.9090909090909;securite informatique entreprise;https://www.networking-morbihan.com/securite-informatique
0.0;0.0;1.0;40.0;sera a;https://www.networking-morbihan.com/nw56-connectin-lorient-14-novembre
0.0;0.0;1.0;95.0;service informatique pour tpe / pme;https://www.networking-morbihan.com/aleos2i
0.0;0.0;3.0;94.0;signification clement;https://www.networking-morbihan.com/anne-clement
0.0;0.0;1.0;78.0;signification de clément;https://www.networking-morbihan.com/anne-clement
0.0;0.0;2.0;75.0;signification de sylvie;https://www.networking-morbihan.com/le-mot-cle-sylvie-delanoy
0.0;0.0;1.0;63.0;signification du nom jonathan;https://www.networking-morbihan.com/jonathan-allio
0.0;0.0;2.0;56.0;signification du nom sylvie;https://www.networking-morbihan.com/le-mot-cle-sylvie-delanoy
0.0;0.0;2.0;81.5;signification jonathan;https://www.networking-morbihan.com/jonathan-allio
0.0;0.0;1.0;39.0;signification morbihan;https://www.networking-morbihan.com/liaison-vegetale
0.0;0.0;1.0;54.0;signification sylvie;https://www.networking-morbihan.com/le-mot-cle-sylvie-delanoy
0.0;0.0;6.0;63.666666666666664;sittelle creation;https://www.networking-morbihan.com/du-nouveau-dans-la-relation-employeur-salarie
0.0;0.0;31.0;98.38709677419355;société de sécurité informatique;https://www.networking-morbihan.com/securite-informatique
0.0;0.0;7.0;96.85714285714286;société sécurité informatique;https://www.networking-morbihan.com/securite-informatique
0.0;0.0;1.0;45.0;soiree speed dating;https://www.networking-morbihan.com/speed-dating-professionnel
0.0;0.0;3.0;64.0;soirée lorient;https://www.networking-morbihan.com/reseaux-lorient
0.0;0.0;35.0;42.57142857142857;soirée speed dating;https://www.networking-morbihan.com/speed-dating-professionnel
0.0;0.0;3.0;58.0;sonia lorec;https://www.networking-morbihan.com/tenue-correcte-exigee
0.0;0.0;2.0;70.0;speed dating 06;https://www.networking-morbihan.com/speed-dating-professionnel
0.0;0.0;6.0;72.83333333333333;speed dating com;https://www.networking-morbihan.com/speed-dating-professionnel
0.0;0.0;3.0;53.333333333333336;speed dating en ligne;https://www.networking-morbihan.com/speed-dating-professionnel
0.0;0.0;2.0;31.5;speed dating entreprise;https://www.networking-morbihan.com/speed-dating-professionnel
0.0;0.0;5.0;10.0;speed dating morbihan;https://www.networking-morbihan.com/speed-dating-professionnel
0.0;0.0;10.0;5.8;speed dating pro;https://www.networking-morbihan.com/speed-dating-professionnel
0.0;0.0;12.0;14.333333333333334;speed dating professionnel;https://www.networking-morbihan.com/speed-dating-professionnel
0.0;0.0;1.0;71.0;steve jobs mind map;https://www.networking-morbihan.com/atelier-mind-mapping
0.0;0.0;1.0;95.0;strategie expertise internationale;https://www.networking-morbihan.com/rph-eci
0.0;0.0;2.0;40.0;sydel lorient;https://www.networking-morbihan.com/syleps
0.0;0.0;1.0;52.0;sydel univers;https://www.networking-morbihan.com/syleps
0.0;0.0;42.0;20.928571428571427;syleps;https://www.networking-morbihan.com/syleps
0.0;0.0;2.0;12.5;syleps lorient;https://www.networking-morbihan.com/syleps
0.0;0.0;1.0;56.0;sylvie le moullec;https://www.networking-morbihan.com/networking-fait-sa-rentree-au-cafe-dubail
0.0;0.0;2.0;47.0;sylvie rouanne;https://www.networking-morbihan.com/soiree-festive-2015
0.0;0.0;6.0;75.16666666666667;sylvie signification;https://www.networking-morbihan.com/le-mot-cle-sylvie-delanoy
0.0;0.0;1.0;110.0;sécurité informatique entreprise;https://www.networking-morbihan.com/securite-informatique
0.0;0.0;1.0;62.0;sérigraphie lorient;https://www.networking-morbihan.com/bosse-colors-lorient
0.0;0.0;11.0;1.0;table de communication;https://www.networking-morbihan.com/outils-communication
0.0;0.0;19.0;6.7894736842105265;table ronde communication;https://www.networking-morbihan.com/outils-communication
0.0;0.0;10.0;84.9;techniques de créativité;https://www.networking-morbihan.com/atelier-creativite
0.0;0.0;2.0;41.5;tenu correct exigé;https://www.networking-morbihan.com/tenue-correcte-exigee
0.0;0.0;1.0;10.0;tenue civile correcte;https://www.networking-morbihan.com/tenue-correcte-exigee
0.0;0.0;5.0;39.0;tenue correct;https://www.networking-morbihan.com/tenue-correcte-exigee
0.0;0.0;3.0;52.666666666666664;tenue correct exigée;https://www.networking-morbihan.com/tenue-correcte-exigee
0.0;0.0;9.0;40.77777777777778;tenue correcte;https://www.networking-morbihan.com/tenue-correcte-exigee
0.0;0.0;1.0;33.0;tenue correcte exigee;https://www.networking-morbihan.com/tenue-correcte-exigee
0.0;0.0;25.0;36.44;tenue correcte exigée;https://www.networking-morbihan.com/tenue-correcte-exigee
0.0;0.0;4.0;7.75;tenue correcte exigée femme;https://www.networking-morbihan.com/tenue-correcte-exigee
0.0;0.0;1.0;54.0;tenue de reception;https://www.networking-morbihan.com/tenue-correcte-exigee
0.0;0.0;2.0;47.0;tenue de soirée exigée;https://www.networking-morbihan.com/tenue-correcte-exigee
0.0;0.0;1.0;37.0;tenue exigée;https://www.networking-morbihan.com/tenue-correcte-exigee
0.0;0.0;1.0;40.0;tenue reception;https://www.networking-morbihan.com/tenue-correcte-exigee
0.0;0.0;3.0;92.0;tenue rendez vous;https://www.networking-morbihan.com/tenue-correcte-exigee
0.0;0.0;1.0;90.0;thierry signification;https://www.networking-morbihan.com/thierry-noellec-mediation
0.0;0.0;2.0;9.0;tirrini;https://www.networking-morbihan.com/visite-atelier-turrini-pont-scorff
0.0;0.0;3.0;72.66666666666667;toques rebelles;https://www.networking-morbihan.com/reseau-d-ete-2012
0.0;0.0;1.0;78.0;tous eci;https://www.networking-morbihan.com/rph-eci
0.0;0.0;11.0;47.72727272727273;tpe international;https://www.networking-morbihan.com/rph-eci
0.0;0.0;2.0;74.0;traou;https://www.networking-morbihan.com/traou-arvorig-made-in-breizh-made-in-france
0.0;0.0;2.0;57.0;travailler dans une pépinière;https://www.networking-morbihan.com/un-espace-de-travail-mutualise-a-ploemeur-au-sein-de-la-pepiniere-dentreprises
0.0;0.0;1.0;23.0;travailler en pépinière;https://www.networking-morbihan.com/un-espace-de-travail-mutualise-a-ploemeur-au-sein-de-la-pepiniere-dentreprises
0.0;0.0;1.0;10.0;trinel;https://www.networking-morbihan.com/portrait-francois-trinel-speed-meeting-de-rentree-2
0.0;0.0;6.0;75.83333333333333;trouver clients linkedin;https://www.networking-morbihan.com/reseaux-sociaux-professionnels
0.0;0.0;1.0;100.0;tulipe apero;https://www.networking-morbihan.com/proposer-une-offre-de-formation
0.0;0.0;16.0;10.5625;turrini;https://www.networking-morbihan.com/visite-atelier-turrini-pont-scorff
0.0;0.0;24.0;7.458333333333333;turrini pont scorff;https://www.networking-morbihan.com/visite-atelier-turrini-pont-scorff
0.0;0.0;1.0;14.0;turrini pont scorff redressement judiciaire;https://www.networking-morbihan.com/visite-atelier-turrini-pont-scorff
0.0;0.0;2.0;77.0;témoignage livre;https://www.networking-morbihan.com/le-point-sur-le-projet-livre-et-temoignage-de-notre-editeur-le-12-mars-2019
0.0;0.0;1.0;90.0;ubs campus;https://www.networking-morbihan.com/networking-conseil
0.0;0.0;4.0;7.0;une tenue correcte l'est dans certains lieux;https://www.networking-morbihan.com/tenue-correcte-exigee
0.0;0.0;2.0;20.0;une vie sereine;https://www.networking-morbihan.com/la-protection-sociale-comment-passer-une-vie-sereine
0.0;0.0;1.0;46.0;valerie gaudin;https://www.networking-morbihan.com/proposer-une-offre-de-formation
0.0;0.0;4.0;31.25;valorisons nos talents;https://www.networking-morbihan.com/vous-avez-du-talent-2017
0.0;0.0;4.0;70.25;vendre ses créations design;https://www.networking-morbihan.com/visite-entreprise-lalie-design
0.0;0.0;2.0;23.0;vie sereine;https://www.networking-morbihan.com/la-protection-sociale-comment-passer-une-vie-sereine
0.0;0.0;2.0;11.0;visite;https://www.networking-morbihan.com/visite-du-plateau-compositic-a-ploemeur
0.0;0.0;3.0;49.0;visite a lorient;https://www.networking-morbihan.com/visite-naval-group-lorient-12-juin-2018
0.0;0.0;1.0;42.0;visite autour de lorient;https://www.networking-morbihan.com/visite-naval-group-lorient-12-juin-2018
0.0;0.0;2.0;6.5;visite brasserie lancelot;https://www.networking-morbihan.com/visite-lancelot
0.0;0.0;8.0;150.625;visite d'entreprise;https://www.networking-morbihan.com/visite-entreprise-lalie-design
0.0;0.0;3.0;46.0;visite de lorient;https://www.networking-morbihan.com/visite-naval-group-lorient-12-juin-2018
0.0;0.0;3.0;45.0;visite lorient;https://www.networking-morbihan.com/visite-naval-group-lorient-12-juin-2018
0.0;0.0;2.0;98.0;visite morbihan;https://www.networking-morbihan.com/visite-du-plateau-compositic-a-ploemeur
0.0;0.0;2.0;96.0;visite morbihan;https://www.networking-morbihan.com/visite-entreprise-lalie-design
0.0;0.0;3.0;47.666666666666664;visiter lorient;https://www.networking-morbihan.com/visite-naval-group-lorient-12-juin-2018
0.0;0.0;1.0;39.0;vista conseil caudan;https://www.networking-morbihan.com/lean-management
0.0;0.0;4.0;91.75;voeux professionnels 2018;https://www.networking-morbihan.com/enneagramme-bonnes-relations-2019
0.0;0.0;3.0;62.333333333333336;votre portrait;https://www.networking-morbihan.com/portrait-francois-trinel-speed-meeting-de-rentree-2
0.0;0.0;1.0;72.0;wonderful breizh;https://www.networking-morbihan.com/soiree-festive-2014
0.0;0.0;5.0;43.0;www.morbihan.com;https://www.networking-morbihan.com/
0.0;0.0;2.0;59.5;www.networking;https://www.networking-morbihan.com/
0.0;0.0;1.0;50.0;xavier hinaut;https://www.networking-morbihan.com/visite-du-plateau-compositic-a-ploemeur
0.0;0.0;1.0;97.0;xmind gratuit;https://www.networking-morbihan.com/atelier-mind-mapping
0.0;0.0;1.0;80.0;y faire face;https://www.networking-morbihan.com/impayes-comment-les-eviter-ou-mieux-y-faire-face
0.0;0.0;3.0;90.66666666666667;yste en boule;https://www.networking-morbihan.com/syleps
0.0;0.0;1.0;32.0;échange de services entre entreprises;https://www.networking-morbihan.com/venez-tester-les-echanges-non-monetaires-entre-entreprises
0.0;0.0;22.0;57.13636363636363;échanges de services entre entreprises;https://www.networking-morbihan.com/venez-tester-les-echanges-non-monetaires-entre-entreprises
0.0;0.0;30.0;17.833333333333332;échanges entre entreprises;https://www.networking-morbihan.com/venez-tester-les-echanges-non-monetaires-entre-entreprises
0.0;0.0;32.0;27.46875;échanges entreprises;https://www.networking-morbihan.com/venez-tester-les-echanges-non-monetaires-entre-entreprises
0.0;0.0;1.0;41.0;агипе;https://www.networking-morbihan.com/agipe
